source,algo,n_calls,total_time,min,max,mean
bt,zstd,469,1.77468e+10,0,2.74442e+08,3.78396e+07
bt,write,7751,6.2217e+06,0,274697,802.697
bt,write_vector,245,8.39996e+10,0,3.7094e+09,3.42855e+08
bt,write_duration_vector,108,4.26169e+10,0,2.57028e+09,3.94601e+08
bt,write_dur_subvec,124,1.23715e+10,0,4.08395e+08,9.97703e+07
bt,write_subvec,345,3.51401e+10,0,3.99192e+08,1.01855e+08
bt,zstd,469,1.89051e+10,0,2.7981e+08,4.03094e+07
bt,write,7751,6.18632e+06,0,254376,798.132
bt,write_vector,245,8.97956e+10,0,3.79775e+09,3.66513e+08
bt,write_duration_vector,108,4.62238e+10,0,3.8173e+09,4.27998e+08
bt,write_dur_subvec,124,1.48764e+10,0,4.16957e+08,1.19971e+08
bt,write_subvec,345,3.66003e+10,0,3.91674e+08,1.06088e+08
bt,zstd,469,1.81175e+10,0,3.70385e+08,3.863e+07
bt,write,7751,6.43418e+06,0,255056,830.11
bt,write_vector,245,8.92964e+10,0,4.28631e+09,3.64475e+08
bt,write_duration_vector,108,4.39206e+10,0,2.67261e+09,4.06672e+08
bt,write_dur_subvec,124,1.24927e+10,0,3.72675e+08,1.00747e+08
bt,write_subvec,345,3.74902e+10,0,4.38432e+08,1.08667e+08
bt,zstd,469,1.83313e+10,0,1.9796e+08,3.90859e+07
bt,write,7751,5.94635e+06,0,257986,767.172
bt,write_vector,245,8.54213e+10,0,3.35286e+09,3.48658e+08
bt,write_duration_vector,108,4.56377e+10,0,3.81117e+09,4.22571e+08
bt,write_dur_subvec,124,1.3327e+10,0,4.07827e+08,1.07476e+08
bt,write_subvec,345,3.57199e+10,0,3.45414e+08,1.03536e+08
bt,zstd,469,1.82867e+10,0,2.90047e+08,3.89908e+07
bt,write,7751,5.9724e+06,0,267307,770.533
bt,write_vector,245,9.4591e+10,0,5.45634e+09,3.86086e+08
bt,write_duration_vector,108,3.86615e+10,0,2.09578e+09,3.57977e+08
bt,write_dur_subvec,124,1.11583e+10,0,3.02625e+08,8.9986e+07
bt,write_subvec,345,4.00618e+10,0,4.14289e+08,1.16121e+08
bt,zstd,469,1.74903e+10,0,2.58724e+08,3.72927e+07
bt,write,7751,6.26021e+06,0,276107,807.664
bt,write_vector,245,8.29645e+10,0,3.29058e+09,3.3863e+08
bt,write_duration_vector,108,4.47341e+10,0,2.91362e+09,4.14205e+08
bt,write_dur_subvec,124,1.39208e+10,0,3.58487e+08,1.12264e+08
bt,write_subvec,345,3.40293e+10,0,4.43479e+08,9.86357e+07
bt,zstd,469,1.80348e+10,0,2.33457e+08,3.84537e+07
bt,write,7751,6.48413e+06,0,632065,836.555
bt,write_vector,245,8.67585e+10,0,4.24785e+09,3.54116e+08
bt,write_duration_vector,108,4.2824e+10,0,2.20893e+09,3.96518e+08
bt,write_dur_subvec,124,1.32139e+10,0,4.00903e+08,1.06564e+08
bt,write_subvec,345,3.64936e+10,0,3.50648e+08,1.05778e+08
bt,zstd,469,1.65284e+10,0,2.35903e+08,3.52419e+07
bt,write,7751,6.20359e+06,0,251306,800.36
bt,write_vector,245,8.56974e+10,0,4.471e+09,3.49785e+08
bt,write_duration_vector,108,4.34938e+10,0,2.44465e+09,4.02721e+08
bt,write_dur_subvec,124,1.33676e+10,0,3.36422e+08,1.07803e+08
bt,write_subvec,345,3.46842e+10,0,5.05718e+08,1.00534e+08
bt,zstd,469,1.72456e+10,0,2.57681e+08,3.67709e+07
bt,write,7751,6.08038e+06,0,277907,784.463
bt,write_vector,245,8.91712e+10,0,3.67485e+09,3.63964e+08
bt,write_duration_vector,108,4.30597e+10,0,2.37464e+09,3.98701e+08
bt,write_dur_subvec,124,1.22859e+10,0,3.4042e+08,9.90801e+07
bt,write_subvec,345,3.72109e+10,0,4.67163e+08,1.07858e+08
bt,zstd,469,1.76205e+10,0,4.34117e+08,3.75704e+07
bt,write,7751,6.05204e+06,0,281737,780.807
bt,write_vector,245,8.69782e+10,0,4.01013e+09,3.55013e+08
bt,write_duration_vector,108,4.14505e+10,0,2.84262e+09,3.838e+08
bt,write_dur_subvec,124,1.24678e+10,0,4.16116e+08,1.00547e+08
bt,write_subvec,345,3.5674e+10,0,5.57557e+08,1.03403e+08
bt,zstd,469,1.72424e+10,0,3.62514e+08,3.67642e+07
bt,write,7751,6.16954e+06,0,261127,795.967
bt,write_vector,245,8.12943e+10,0,3.92282e+09,3.31813e+08
bt,write_duration_vector,108,4.05286e+10,0,2.70496e+09,3.75264e+08
bt,write_dur_subvec,124,1.24747e+10,0,4.41565e+08,1.00602e+08
bt,write_subvec,345,3.50238e+10,0,5.38036e+08,1.01518e+08
bt,zstd,469,1.80323e+10,0,3.06253e+08,3.84483e+07
bt,write,7751,6.33091e+06,0,259767,816.786
bt,write_vector,245,8.6904e+10,0,4.3921e+09,3.5471e+08
bt,write_duration_vector,108,4.54655e+10,0,3.46036e+09,4.20977e+08
bt,write_dur_subvec,124,1.34313e+10,0,5.43351e+08,1.08317e+08
bt,write_subvec,345,3.78703e+10,0,5.41309e+08,1.09769e+08
bt,zstd,469,1.84935e+10,0,3.59615e+08,3.94318e+07
bt,write,7751,5.87359e+06,0,309257,757.785
bt,write_vector,245,8.99835e+10,0,4.44773e+09,3.6728e+08
bt,write_duration_vector,108,3.94379e+10,0,2.42787e+09,3.65165e+08
bt,write_dur_subvec,124,1.14052e+10,0,4.25416e+08,9.19775e+07
bt,write_subvec,345,3.69714e+10,0,4.27855e+08,1.07163e+08
bt,zstd,469,1.68073e+10,0,1.56576e+08,3.58365e+07
bt,write,7751,6.24782e+06,0,252867,806.066
bt,write_vector,245,8.76895e+10,0,4.38682e+09,3.57916e+08
bt,write_duration_vector,108,3.98062e+10,0,2.29646e+09,3.68576e+08
bt,write_dur_subvec,124,1.19455e+10,0,3.61073e+08,9.63351e+07
bt,write_subvec,345,3.71339e+10,0,5.97639e+08,1.07634e+08
bt,zstd,469,1.67148e+10,0,1.72418e+08,3.56392e+07
bt,write,7751,6.1559e+06,0,176844,794.208
bt,write_vector,245,8.38178e+10,0,3.8392e+09,3.42114e+08
bt,write_duration_vector,108,4.08206e+10,0,3.04906e+09,3.77968e+08
bt,write_dur_subvec,124,1.2566e+10,0,3.03433e+08,1.01338e+08
bt,write_subvec,345,3.52347e+10,0,4.80033e+08,1.0213e+08
bt,zstd,469,1.72159e+10,0,3.05766e+08,3.67078e+07
bt,write,7751,6.01853e+06,0,251887,776.484
bt,write_vector,245,8.52787e+10,0,4.93616e+09,3.48076e+08
bt,write_duration_vector,108,4.19486e+10,0,2.21903e+09,3.88413e+08
bt,write_dur_subvec,124,1.22653e+10,0,3.22406e+08,9.8914e+07
bt,write_subvec,345,3.61334e+10,0,4.17864e+08,1.04735e+08
bt,zstd,469,1.70397e+10,0,1.89585e+08,3.63321e+07
bt,write,7751,6.13353e+06,0,296637,791.322
bt,write_vector,245,8.97523e+10,0,4.75356e+09,3.66336e+08
bt,write_duration_vector,108,4.37281e+10,0,2.69542e+09,4.0489e+08
bt,write_dur_subvec,124,1.18955e+10,0,4.29466e+08,9.59312e+07
bt,write_subvec,345,3.69927e+10,0,5.21048e+08,1.07225e+08
bt,zstd,469,1.89697e+10,0,3.0872e+08,4.04472e+07
bt,write,7751,6.04069e+06,0,276647,779.343
bt,write_vector,245,9.2705e+10,0,4.95286e+09,3.78388e+08
bt,write_duration_vector,108,4.49781e+10,0,2.63477e+09,4.16464e+08
bt,write_dur_subvec,124,1.29526e+10,0,3.8154e+08,1.04457e+08
bt,write_subvec,345,3.97883e+10,0,4.8844e+08,1.15329e+08
bt,zstd,469,1.65292e+10,0,1.74496e+08,3.52435e+07
bt,write,7751,6.28499e+06,0,261137,810.862
bt,write_vector,245,7.90366e+10,0,3.89612e+09,3.22598e+08
bt,write_duration_vector,108,4.11949e+10,0,3.05636e+09,3.81434e+08
bt,write_dur_subvec,124,1.22853e+10,0,5.57088e+08,9.90753e+07
bt,write_subvec,345,3.45231e+10,0,4.26156e+08,1.00067e+08
bt,zstd,469,1.75108e+10,0,4.31546e+08,3.73364e+07
bt,write,7751,6.13474e+06,0,247857,791.478
bt,write_vector,245,8.82277e+10,0,4.63087e+09,3.60113e+08
bt,write_duration_vector,108,4.09318e+10,0,2.50505e+09,3.78998e+08
bt,write_dur_subvec,124,1.17236e+10,0,5.50348e+08,9.45452e+07
bt,write_subvec,345,3.76706e+10,0,6.65803e+08,1.0919e+08
cg,zstd,348,1.29803e+10,0,2.00783e+08,3.72996e+07
cg,write,9143,7.79605e+06,0,190964,852.68
cg,write_vector,66,6.02998e+10,0,4.99448e+09,9.13634e+08
cg,write_duration_vector,27,2.33872e+10,0,6.27471e+09,8.66192e+08
cg,write_dur_subvec,75,8.24034e+09,0,4.25451e+08,1.09871e+08
cg,write_subvec,273,2.76415e+10,0,4.30089e+08,1.01251e+08
cg,zstd,348,1.31185e+10,0,1.98108e+08,3.76969e+07
cg,write,9143,8.3429e+06,0,281637,912.491
cg,write_vector,66,6.00067e+10,0,4.9676e+09,9.09193e+08
cg,write_duration_vector,27,2.22877e+10,0,5.94468e+09,8.2547e+08
cg,write_dur_subvec,75,7.94749e+09,0,3.58382e+08,1.05967e+08
cg,write_subvec,273,2.67045e+10,0,3.64148e+08,9.78188e+07
cg,zstd,348,1.30478e+10,0,1.71969e+08,3.74937e+07
cg,write,9143,8.17044e+06,0,168394,893.627
cg,write_vector,66,6.20714e+10,0,5.39487e+09,9.40475e+08
cg,write_duration_vector,27,2.06359e+10,0,5.51464e+09,7.64292e+08
cg,write_dur_subvec,75,6.69382e+09,0,2.63072e+08,8.9251e+07
cg,write_subvec,273,2.72504e+10,0,2.93935e+08,9.98181e+07
cg,zstd,348,1.36099e+10,0,2.77111e+08,3.91088e+07
cg,write,9143,7.76386e+06,0,186834,849.159
cg,write_vector,66,6.39564e+10,0,5.73635e+09,9.69036e+08
cg,write_duration_vector,27,2.46561e+10,0,5.79638e+09,9.13189e+08
cg,write_dur_subvec,75,9.00859e+09,0,5.52019e+08,1.20115e+08
cg,write_subvec,273,2.96038e+10,0,4.67767e+08,1.08439e+08
cg,zstd,348,1.43862e+10,0,3.27961e+08,4.13395e+07
cg,write,9143,7.8181e+06,0,183445,855.091
cg,write_vector,66,6.54008e+10,0,5.73302e+09,9.90921e+08
cg,write_duration_vector,27,2.16418e+10,0,4.89147e+09,8.01548e+08
cg,write_dur_subvec,75,7.45145e+09,0,5.32637e+08,9.93526e+07
cg,write_subvec,273,3.03695e+10,0,5.66611e+08,1.11244e+08
cg,zstd,348,1.38637e+10,0,1.884e+08,3.98382e+07
cg,write,9143,7.86075e+06,0,173334,859.756
cg,write_vector,66,6.75028e+10,0,5.83063e+09,1.02277e+09
cg,write_duration_vector,27,2.23435e+10,0,5.18244e+09,8.27538e+08
cg,write_dur_subvec,75,7.4017e+09,0,2.95025e+08,9.86893e+07
cg,write_subvec,273,3.07316e+10,0,4.28678e+08,1.1257e+08
cg,zstd,348,1.2566e+10,0,1.82487e+08,3.61092e+07
cg,write,9143,7.95172e+06,0,178974,869.705
cg,write_vector,66,6.05585e+10,0,5.21208e+09,9.17553e+08
cg,write_duration_vector,27,2.06141e+10,0,4.47894e+09,7.63484e+08
cg,write_dur_subvec,75,7.71752e+09,0,3.42757e+08,1.029e+08
cg,write_subvec,273,2.7386e+10,0,3.2731e+08,1.00315e+08
cg,zstd,348,1.41311e+10,0,2.42489e+08,4.06067e+07
cg,write,9143,8.03311e+06,0,173635,878.608
cg,write_vector,66,6.3734e+10,0,6.29086e+09,9.65667e+08
cg,write_duration_vector,27,2.18481e+10,0,4.87507e+09,8.09189e+08
cg,write_dur_subvec,75,8.18891e+09,0,3.00521e+08,1.09185e+08
cg,write_subvec,273,3.0635e+10,0,5.7632e+08,1.12216e+08
cg,zstd,348,1.33921e+10,0,3.17188e+08,3.8483e+07
cg,write,9143,8.10933e+06,0,217486,886.944
cg,write_vector,66,6.35223e+10,0,4.91365e+09,9.62459e+08
cg,write_duration_vector,27,2.29177e+10,0,5.31484e+09,8.48803e+08
cg,write_dur_subvec,75,8.21738e+09,0,4.58446e+08,1.09565e+08
cg,write_subvec,273,2.85357e+10,0,3.02364e+08,1.04526e+08
cg,zstd,348,1.31643e+10,0,1.98359e+08,3.78284e+07
cg,write,9143,7.80604e+06,0,173855,853.772
cg,write_vector,66,6.51135e+10,0,5.66574e+09,9.86569e+08
cg,write_duration_vector,27,2.26492e+10,0,5.2471e+09,8.3886e+08
cg,write_dur_subvec,75,7.98084e+09,0,4.61002e+08,1.06411e+08
cg,write_subvec,273,2.96155e+10,0,3.62592e+08,1.08482e+08
cg,zstd,348,1.30347e+10,0,3.20996e+08,3.74561e+07
cg,write,9143,8.1056e+06,0,170405,886.537
cg,write_vector,66,6.231e+10,0,5.54379e+09,9.4409e+08
cg,write_duration_vector,27,1.947e+10,0,4.63491e+09,7.21113e+08
cg,write_dur_subvec,75,7.29531e+09,0,4.87701e+08,9.72708e+07
cg,write_subvec,273,2.82275e+10,0,3.81735e+08,1.03397e+08
cg,zstd,348,1.44156e+10,0,4.41739e+08,4.14241e+07
cg,write,9143,8.06226e+06,0,178415,881.796
cg,write_vector,66,6.78872e+10,0,5.82316e+09,1.02859e+09
cg,write_duration_vector,27,2.3368e+10,0,5.50708e+09,8.65482e+08
cg,write_dur_subvec,75,7.9205e+09,0,2.91443e+08,1.05607e+08
cg,write_subvec,273,3.16449e+10,0,4.99133e+08,1.15915e+08
cg,zstd,348,1.35068e+10,0,2.57415e+08,3.88125e+07
cg,write,9143,8.14432e+06,0,195205,890.771
cg,write_vector,66,6.58311e+10,0,6.64183e+09,9.97441e+08
cg,write_duration_vector,27,2.27387e+10,0,5.77256e+09,8.42173e+08
cg,write_dur_subvec,75,7.7478e+09,0,2.19319e+08,1.03304e+08
cg,write_subvec,273,2.8316e+10,0,3.30653e+08,1.03722e+08
cg,zstd,348,1.36061e+10,0,3.46023e+08,3.90981e+07
cg,write,9143,7.82555e+06,0,180814,855.906
cg,write_vector,66,6.35304e+10,0,5.94857e+09,9.62582e+08
cg,write_duration_vector,27,2.25087e+10,0,5.62169e+09,8.33656e+08
cg,write_dur_subvec,75,8.65178e+09,0,3.36983e+08,1.15357e+08
cg,write_subvec,273,2.93726e+10,0,5.12643e+08,1.07592e+08
cg,zstd,348,1.22517e+10,0,2.16683e+08,3.5206e+07
cg,write,9143,7.85834e+06,0,205545,859.492
cg,write_vector,66,6.04454e+10,0,5.35291e+09,9.1584e+08
cg,write_duration_vector,27,1.84054e+10,0,5.18375e+09,6.81681e+08
cg,write_dur_subvec,75,6.17147e+09,0,2.63447e+08,8.22863e+07
cg,write_subvec,273,2.7298e+10,0,3.47163e+08,9.99927e+07
cg,zstd,348,1.33856e+10,0,2.02012e+08,3.84644e+07
cg,write,9143,8.06269e+06,0,171114,881.843
cg,write_vector,66,5.91843e+10,0,4.97221e+09,8.96732e+08
cg,write_duration_vector,27,2.26112e+10,0,5.2219e+09,8.37453e+08
cg,write_dur_subvec,75,8.24687e+09,0,5.23492e+08,1.09958e+08
cg,write_subvec,273,2.6803e+10,0,4.01701e+08,9.81796e+07
cg,zstd,348,1.213e+10,0,1.76535e+08,3.48563e+07
cg,write,9143,7.85717e+06,0,191305,859.365
cg,write_vector,66,6.00074e+10,0,4.91673e+09,9.09202e+08
cg,write_duration_vector,27,2.13473e+10,0,4.25626e+09,7.9064e+08
cg,write_dur_subvec,75,7.38461e+09,0,2.06598e+08,9.84614e+07
cg,write_subvec,273,2.58884e+10,0,3.8173e+08,9.48291e+07
cg,zstd,348,1.2702e+10,0,1.64416e+08,3.64999e+07
cg,write,9143,8.17321e+06,0,177134,893.931
cg,write_vector,66,6.28622e+10,0,5.51119e+09,9.52458e+08
cg,write_duration_vector,27,2.25138e+10,0,4.55574e+09,8.33844e+08
cg,write_dur_subvec,75,7.51176e+09,0,3.14042e+08,1.00157e+08
cg,write_subvec,273,2.88648e+10,0,5.80299e+08,1.05732e+08
cg,zstd,348,1.24433e+10,0,2.14538e+08,3.57567e+07
cg,write,9143,8.06744e+06,0,177284,882.363
cg,write_vector,66,6.01285e+10,0,4.70983e+09,9.11038e+08
cg,write_duration_vector,27,2.02982e+10,0,4.96377e+09,7.51786e+08
cg,write_dur_subvec,75,6.6155e+09,0,2.32314e+08,8.82066e+07
cg,write_subvec,273,2.75137e+10,0,5.32881e+08,1.00783e+08
cg,zstd,348,1.29073e+10,0,3.0117e+08,3.70901e+07
cg,write,9143,1.27718e+07,0,4.45714e+06,1396.89
cg,write_vector,66,6.40944e+10,0,5.8093e+09,9.71127e+08
cg,write_duration_vector,27,2.11896e+10,0,5.83132e+09,7.84801e+08
cg,write_dur_subvec,75,7.50955e+09,0,2.67829e+08,1.00127e+08
cg,write_subvec,273,2.85502e+10,0,4.06688e+08,1.04579e+08
ft,zstd,33,9.11377e+08,0,1.08451e+08,2.76175e+07
ft,write,3654,789733,0,27590,216.128
ft,write_vector,25,5.57341e+09,0,4.25808e+08,2.22937e+08
ft,write_duration_vector,8,3.23469e+09,0,6.95219e+08,4.04336e+08
ft,write_dur_subvec,8,7.64727e+08,0,1.80566e+08,9.55909e+07
ft,write_subvec,25,1.95293e+09,0,2.31597e+08,7.81172e+07
ft,zstd,33,7.34621e+08,0,7.04395e+07,2.22613e+07
ft,write,3654,716911,0,26051,196.199
ft,write_vector,25,5.35769e+09,0,4.35556e+08,2.14307e+08
ft,write_duration_vector,8,2.66187e+09,0,6.83554e+08,3.32734e+08
ft,write_dur_subvec,8,1.00324e+09,0,3.44819e+08,1.25405e+08
ft,write_subvec,25,1.93926e+09,0,1.73958e+08,7.75702e+07
ft,zstd,33,8.08812e+08,0,7.36266e+07,2.45095e+07
ft,write,3654,804109,0,26080,220.063
ft,write_vector,25,5.64174e+09,0,4.35257e+08,2.2567e+08
ft,write_duration_vector,8,2.55073e+09,0,4.61929e+08,3.18842e+08
ft,write_dur_subvec,8,7.72251e+08,0,1.35859e+08,9.65314e+07
ft,write_subvec,25,2.07397e+09,0,2.29299e+08,8.29588e+07
ft,zstd,33,1.0107e+09,0,1.41499e+08,3.06273e+07
ft,write,3654,695230,0,26061,190.265
ft,write_vector,25,6.29688e+09,0,5.03888e+08,2.51875e+08
ft,write_duration_vector,8,2.13845e+09,0,4.25221e+08,2.67306e+08
ft,write_dur_subvec,8,4.77555e+08,0,9.89784e+07,5.96943e+07
ft,write_subvec,25,2.71627e+09,0,2.88105e+08,1.08651e+08
ft,zstd,33,8.68802e+08,0,1.29428e+08,2.63273e+07
ft,write,3654,758791,0,26461,207.66
ft,write_vector,25,4.96314e+09,0,3.68021e+08,1.98526e+08
ft,write_duration_vector,8,2.77524e+09,0,5.76193e+08,3.46904e+08
ft,write_dur_subvec,8,6.70523e+08,0,1.49266e+08,8.38154e+07
ft,write_subvec,25,2.24772e+09,0,2.53961e+08,8.99089e+07
ft,zstd,33,8.77214e+08,0,1.22991e+08,2.65823e+07
ft,write,3654,753846,0,87682,206.307
ft,write_vector,25,5.89363e+09,0,6.30543e+08,2.35745e+08
ft,write_duration_vector,8,2.54753e+09,0,6.30947e+08,3.18441e+08
ft,write_dur_subvec,8,6.97629e+08,0,2.6218e+08,8.72037e+07
ft,write_subvec,25,2.20339e+09,0,2.67206e+08,8.81355e+07
ft,zstd,33,9.82887e+08,0,1.09425e+08,2.97845e+07
ft,write,3654,732321,0,33691,200.416
ft,write_vector,25,6.03016e+09,0,4.70325e+08,2.41206e+08
ft,write_duration_vector,8,2.39632e+09,0,7.57029e+08,2.9954e+08
ft,write_dur_subvec,8,5.75257e+08,0,1.83114e+08,7.19071e+07
ft,write_subvec,25,2.46234e+09,0,2.41174e+08,9.84936e+07
ft,zstd,33,1.92303e+09,0,1.59335e+08,5.82738e+07
ft,write,3654,603078,0,28780,165.046
ft,write_vector,25,8.42723e+09,0,8.34043e+08,3.37089e+08
ft,write_duration_vector,8,4.41589e+09,0,1.19018e+09,5.51986e+08
ft,write_dur_subvec,8,1.45961e+09,0,4.2158e+08,1.82451e+08
ft,write_subvec,25,3.07879e+09,0,3.42613e+08,1.23151e+08
ft,zstd,33,8.90738e+08,0,9.8041e+07,2.69921e+07
ft,write,3654,720721,0,26331,197.242
ft,write_vector,25,6.39586e+09,0,4.94902e+08,2.55834e+08
ft,write_duration_vector,8,2.82662e+09,0,5.02026e+08,3.53327e+08
ft,write_dur_subvec,8,8.41947e+08,0,1.65775e+08,1.05243e+08
ft,write_subvec,25,2.40891e+09,0,2.4228e+08,9.63564e+07
ft,zstd,33,8.93736e+08,0,2.3002e+08,2.70829e+07
ft,write,3654,878368,0,26671,240.385
ft,write_vector,25,4.81359e+09,0,3.23151e+08,1.92543e+08
ft,write_duration_vector,8,2.35284e+09,0,5.63404e+08,2.94105e+08
ft,write_dur_subvec,8,7.00047e+08,0,2.60601e+08,8.75058e+07
ft,write_subvec,25,1.7558e+09,0,1.74207e+08,7.0232e+07
ft,zstd,33,1.03445e+09,0,1.14086e+08,3.13469e+07
ft,write,3654,780705,0,30551,213.658
ft,write_vector,25,6.00198e+09,0,4.71036e+08,2.40079e+08
ft,write_duration_vector,8,2.78976e+09,0,7.01047e+08,3.4872e+08
ft,write_dur_subvec,8,7.97318e+08,0,1.63441e+08,9.96648e+07
ft,write_subvec,25,2.16282e+09,0,2.28952e+08,8.65127e+07
ft,zstd,33,9.13034e+08,0,9.40663e+07,2.76677e+07
ft,write,3654,754768,0,33621,206.559
ft,write_vector,25,5.44479e+09,0,3.91386e+08,2.17792e+08
ft,write_duration_vector,8,2.74836e+09,0,6.46813e+08,3.43545e+08
ft,write_dur_subvec,8,5.94208e+08,0,1.21627e+08,7.4276e+07
ft,write_subvec,25,2.04501e+09,0,2.54069e+08,8.18003e+07
ft,zstd,33,1.18759e+09,0,1.67549e+08,3.59874e+07
ft,write,3654,751622,0,30101,205.698
ft,write_vector,25,6.9848e+09,0,8.47898e+08,2.79392e+08
ft,write_duration_vector,8,2.82478e+09,0,5.23179e+08,3.53098e+08
ft,write_dur_subvec,8,8.71673e+08,0,2.14583e+08,1.08959e+08
ft,write_subvec,25,3.12554e+09,0,6.48404e+08,1.25022e+08
ft,zstd,33,7.55666e+08,0,5.37808e+07,2.2899e+07
ft,write,3654,614165,0,25971,168.08
ft,write_vector,25,5.74292e+09,0,6.06585e+08,2.29717e+08
ft,write_duration_vector,8,2.89557e+09,0,5.86198e+08,3.61947e+08
ft,write_dur_subvec,8,6.58396e+08,0,2.06327e+08,8.22995e+07
ft,write_subvec,25,1.98265e+09,0,1.9744e+08,7.93062e+07
ft,zstd,33,9.13355e+08,0,1.03517e+08,2.76774e+07
ft,write,3654,866152,0,26241,237.042
ft,write_vector,25,5.06394e+09,0,3.75518e+08,2.02558e+08
ft,write_duration_vector,8,2.72404e+09,0,7.79274e+08,3.40505e+08
ft,write_dur_subvec,8,7.07634e+08,0,1.85177e+08,8.84543e+07
ft,write_subvec,25,1.90835e+09,0,1.97366e+08,7.63341e+07
ft,zstd,33,8.70643e+08,0,2.4994e+08,2.63831e+07
ft,write,3654,743466,0,26420,203.466
ft,write_vector,25,5.36077e+09,0,5.74897e+08,2.14431e+08
ft,write_duration_vector,8,2.60125e+09,0,5.91982e+08,3.25156e+08
ft,write_dur_subvec,8,7.03813e+08,0,2.86766e+08,8.79767e+07
ft,write_subvec,25,1.93735e+09,0,2.27667e+08,7.74939e+07
ft,zstd,33,8.55682e+08,0,9.93423e+07,2.59298e+07
ft,write,3654,719018,0,28510,196.776
ft,write_vector,25,6.24837e+09,0,7.55973e+08,2.49935e+08
ft,write_duration_vector,8,2.33299e+09,0,4.45853e+08,2.91623e+08
ft,write_dur_subvec,8,5.38049e+08,0,1.12886e+08,6.72561e+07
ft,write_subvec,25,2.34462e+09,0,2.23182e+08,9.37847e+07
ft,zstd,33,8.31841e+08,0,1.19975e+08,2.52073e+07
ft,write,3654,874403,0,32671,239.3
ft,write_vector,25,5.54136e+09,0,4.64989e+08,2.21654e+08
ft,write_duration_vector,8,2.63515e+09,0,5.22351e+08,3.29394e+08
ft,write_dur_subvec,8,7.93025e+08,0,2.25396e+08,9.91282e+07
ft,write_subvec,25,1.98858e+09,0,1.7648e+08,7.95431e+07
ft,zstd,33,1.18346e+09,0,1.76817e+08,3.58624e+07
ft,write,3654,756513,0,29181,207.037
ft,write_vector,25,7.50189e+09,0,6.27507e+08,3.00076e+08
ft,write_duration_vector,8,2.77676e+09,0,6.69361e+08,3.47095e+08
ft,write_dur_subvec,8,8.78204e+08,0,2.36301e+08,1.09775e+08
ft,write_subvec,25,3.47751e+09,0,4.34214e+08,1.391e+08
ft,zstd,33,1.32173e+09,0,1.49218e+08,4.00523e+07
ft,write,3654,855031,0,28191,233.999
ft,write_vector,25,6.59939e+09,0,6.18482e+08,2.63976e+08
ft,write_duration_vector,8,2.68016e+09,0,7.46262e+08,3.3502e+08
ft,write_dur_subvec,8,7.05367e+08,0,1.48175e+08,8.81709e+07
ft,write_subvec,25,2.65537e+09,0,3.48601e+08,1.06215e+08
lu,zstd,1883,6.33072e+10,0,4.71719e+08,3.36204e+07
lu,write,10026,2.33293e+07,0,6.71693e+06,2326.88
lu,write_vector,80,2.91573e+11,0,3.58231e+10,3.64467e+09
lu,write_duration_vector,34,8.09339e+10,0,9.73699e+09,2.38041e+09
lu,write_dur_subvec,435,3.25556e+10,0,3.70332e+08,7.48404e+07
lu,write_subvec,1448,1.3663e+11,0,6.53626e+08,9.43575e+07
lu,zstd,1883,6.24955e+10,0,4.66791e+08,3.31894e+07
lu,write,10026,1.63271e+07,0,105002,1628.48
lu,write_vector,80,2.91937e+11,0,3.61494e+10,3.64921e+09
lu,write_duration_vector,34,8.21125e+10,0,1.00898e+10,2.41507e+09
lu,write_dur_subvec,435,3.16037e+10,0,3.86439e+08,7.26523e+07
lu,write_subvec,1448,1.35347e+11,0,5.60552e+08,9.34717e+07
lu,zstd,1883,6.47062e+10,0,4.14232e+08,3.43633e+07
lu,write,10026,1.63555e+07,0,105363,1631.31
lu,write_vector,80,2.98705e+11,0,3.76769e+10,3.73381e+09
lu,write_duration_vector,34,8.38056e+10,0,1.17312e+10,2.46487e+09
lu,write_dur_subvec,435,3.37147e+10,0,3.44689e+08,7.7505e+07
lu,write_subvec,1448,1.39134e+11,0,5.14399e+08,9.60872e+07
lu,zstd,1883,6.17051e+10,0,3.2202e+08,3.27696e+07
lu,write,10026,1.74166e+07,0,131573,1737.14
lu,write_vector,80,2.90924e+11,0,3.76177e+10,3.63655e+09
lu,write_duration_vector,34,8.38844e+10,0,1.16677e+10,2.46719e+09
lu,write_dur_subvec,435,3.30204e+10,0,3.89709e+08,7.59089e+07
lu,write_subvec,1448,1.32603e+11,0,4.29266e+08,9.15769e+07
lu,zstd,1883,6.35674e+10,0,3.14416e+08,3.37586e+07
lu,write,10026,1.58637e+07,0,37891,1582.26
lu,write_vector,80,2.92293e+11,0,3.70048e+10,3.65367e+09
lu,write_duration_vector,34,7.87457e+10,0,9.96049e+09,2.31605e+09
lu,write_dur_subvec,435,3.22544e+10,0,4.22909e+08,7.41481e+07
lu,write_subvec,1448,1.35202e+11,0,4.95136e+08,9.33717e+07
lu,zstd,1883,6.82496e+10,0,4.23353e+08,3.62451e+07
lu,write,10026,1.65646e+07,0,113453,1652.17
lu,write_vector,80,3.11997e+11,0,4.04521e+10,3.89996e+09
lu,write_duration_vector,34,8.32837e+10,0,1.00285e+10,2.44952e+09
lu,write_dur_subvec,435,3.39832e+10,0,4.56512e+08,7.81223e+07
lu,write_subvec,1448,1.46553e+11,0,5.9535e+08,1.01211e+08
lu,zstd,1883,6.33467e+10,0,3.27537e+08,3.36414e+07
lu,write,10026,1.65471e+07,0,108333,1650.42
lu,write_vector,80,2.89328e+11,0,3.5722e+10,3.6166e+09
lu,write_duration_vector,34,7.95118e+10,0,1.09084e+10,2.33858e+09
lu,write_dur_subvec,435,3.30008e+10,0,4.0259e+08,7.58639e+07
lu,write_subvec,1448,1.34889e+11,0,4.57175e+08,9.31551e+07
lu,zstd,1883,6.17694e+10,0,3.02852e+08,3.28037e+07
lu,write,10026,1.63642e+07,0,95183,1632.17
lu,write_vector,80,2.92186e+11,0,3.74426e+10,3.65232e+09
lu,write_duration_vector,34,7.80228e+10,0,9.63023e+09,2.29479e+09
lu,write_dur_subvec,435,2.92669e+10,0,2.68632e+08,6.72803e+07
lu,write_subvec,1448,1.35676e+11,0,7.47335e+08,9.36992e+07
lu,zstd,1883,6.4801e+10,0,3.98485e+08,3.44137e+07
lu,write,10026,1.63073e+07,0,77252,1626.5
lu,write_vector,80,3.01454e+11,0,3.87836e+10,3.76817e+09
lu,write_duration_vector,34,8.23043e+10,0,9.76108e+09,2.42072e+09
lu,write_dur_subvec,435,3.25596e+10,0,3.67398e+08,7.48496e+07
lu,write_subvec,1448,1.43117e+11,0,4.87091e+08,9.88374e+07
lu,zstd,1883,6.26922e+10,0,2.74622e+08,3.32938e+07
lu,write,10026,1.67572e+07,0,156024,1671.37
lu,write_vector,80,2.95142e+11,0,3.82933e+10,3.68927e+09
lu,write_duration_vector,34,8.07169e+10,0,1.01385e+10,2.37403e+09
lu,write_dur_subvec,435,3.16751e+10,0,4.69105e+08,7.28163e+07
lu,write_subvec,1448,1.36903e+11,0,4.26631e+08,9.4546e+07
lu,zstd,1883,6.21937e+10,0,2.31914e+08,3.3029e+07
lu,write,10026,1.7122e+07,0,136953,1707.76
lu,write_vector,80,2.91192e+11,0,3.72561e+10,3.6399e+09
lu,write_duration_vector,34,7.63352e+10,0,1.25822e+10,2.24515e+09
lu,write_dur_subvec,435,3.02708e+10,0,4.63008e+08,6.9588e+07
lu,write_subvec,1448,1.36897e+11,0,5.61088e+08,9.45423e+07
lu,zstd,1883,6.56945e+10,0,5.64552e+08,3.48882e+07
lu,write,10026,1.66972e+07,0,124513,1665.39
lu,write_vector,80,2.96681e+11,0,3.82076e+10,3.70851e+09
lu,write_duration_vector,34,8.31996e+10,0,1.12217e+10,2.44705e+09
lu,write_dur_subvec,435,3.38315e+10,0,4.72709e+08,7.77735e+07
lu,write_subvec,1448,1.39676e+11,0,6.84338e+08,9.64616e+07
lu,zstd,1883,6.20664e+10,0,3.74592e+08,3.29615e+07
lu,write,10026,1.75306e+07,0,1.2701e+06,1748.51
lu,write_vector,80,2.8065e+11,0,3.56828e+10,3.50812e+09
lu,write_duration_vector,34,8.02238e+10,0,1.04144e+10,2.35952e+09
lu,write_dur_subvec,435,3.09215e+10,0,3.85065e+08,7.10839e+07
lu,write_subvec,1448,1.30424e+11,0,6.41802e+08,9.00718e+07
lu,zstd,1883,6.47391e+10,0,3.26128e+08,3.43808e+07
lu,write,10026,1.62673e+07,0,108922,1622.51
lu,write_vector,80,3.0289e+11,0,3.89324e+10,3.78613e+09
lu,write_duration_vector,34,8.36795e+10,0,1.12994e+10,2.46116e+09
lu,write_dur_subvec,435,3.4027e+10,0,4.72823e+08,7.82229e+07
lu,write_subvec,1448,1.40896e+11,0,5.70328e+08,9.73037e+07
lu,zstd,1883,6.30945e+10,0,4.15738e+08,3.35074e+07
lu,write,10026,1.63332e+07,0,129354,1629.08
lu,write_vector,80,2.96028e+11,0,3.63113e+10,3.70035e+09
lu,write_duration_vector,34,7.72344e+10,0,9.53736e+09,2.2716e+09
lu,write_dur_subvec,435,3.07296e+10,0,3.97255e+08,7.06429e+07
lu,write_subvec,1448,1.37857e+11,0,6.57732e+08,9.52048e+07
lu,zstd,1883,6.3794e+10,0,3.38829e+08,3.38789e+07
lu,write,10026,1.64481e+07,0,107433,1640.55
lu,write_vector,80,2.9984e+11,0,3.86571e+10,3.74801e+09
lu,write_duration_vector,34,7.84733e+10,0,9.86076e+09,2.30804e+09
lu,write_dur_subvec,435,3.1605e+10,0,3.62227e+08,7.26551e+07
lu,write_subvec,1448,1.40077e+11,0,4.6485e+08,9.67383e+07
lu,zstd,1883,6.22643e+10,0,3.90163e+08,3.30665e+07
lu,write,10026,1.64146e+07,0,117693,1637.2
lu,write_vector,80,2.83701e+11,0,3.71569e+10,3.54626e+09
lu,write_duration_vector,34,7.89378e+10,0,1.17193e+10,2.3217e+09
lu,write_dur_subvec,435,3.10319e+10,0,3.44315e+08,7.13377e+07
lu,write_subvec,1448,1.33805e+11,0,6.2121e+08,9.24067e+07
lu,zstd,1883,6.2469e+10,0,4.06738e+08,3.31753e+07
lu,write,10026,1.63888e+07,0,134004,1634.63
lu,write_vector,80,2.92258e+11,0,4.07645e+10,3.65322e+09
lu,write_duration_vector,34,7.57399e+10,0,9.63635e+09,2.22764e+09
lu,write_dur_subvec,435,2.96934e+10,0,3.85259e+08,6.82606e+07
lu,write_subvec,1448,1.35345e+11,0,4.65916e+08,9.34706e+07
lu,zstd,1883,6.17833e+10,0,3.96406e+08,3.28111e+07
lu,write,10026,1.67268e+07,0,144874,1668.34
lu,write_vector,80,2.95111e+11,0,4.04981e+10,3.68888e+09
lu,write_duration_vector,34,7.94603e+10,0,1.06839e+10,2.33707e+09
lu,write_dur_subvec,435,3.23917e+10,0,3.74708e+08,7.44637e+07
lu,write_subvec,1448,1.35585e+11,0,4.677e+08,9.36363e+07
lu,zstd,1883,6.43201e+10,0,4.35446e+08,3.41583e+07
lu,write,10026,1.62829e+07,0,110963,1624.07
lu,write_vector,80,2.97251e+11,0,3.76566e+10,3.71564e+09
lu,write_duration_vector,34,8.20124e+10,0,1.09639e+10,2.41213e+09
lu,write_dur_subvec,435,3.15536e+10,0,3.41572e+08,7.2537e+07
lu,write_subvec,1448,1.38023e+11,0,5.19016e+08,9.53196e+07
mg,zstd,438,1.35023e+10,0,1.59545e+08,3.08273e+07
mg,write,7272,3.81262e+06,0,42121,524.288
mg,write_vector,281,7.01875e+10,0,1.03017e+09,2.49778e+08
mg,write_duration_vector,139,4.50002e+10,0,9.6099e+08,3.23743e+08
mg,write_dur_subvec,139,1.26616e+10,0,2.97595e+08,9.10909e+07
mg,write_subvec,299,2.92557e+10,0,4.2345e+08,9.78452e+07
mg,zstd,438,1.4385e+10,0,2.23382e+08,3.28426e+07
mg,write,7272,3.60104e+06,0,29131,495.193
mg,write_vector,281,7.19379e+10,0,1.09944e+09,2.56007e+08
mg,write_duration_vector,139,4.54899e+10,0,6.96214e+08,3.27266e+08
mg,write_dur_subvec,139,1.15201e+10,0,5.06884e+08,8.28786e+07
mg,write_subvec,299,2.80655e+10,0,3.28264e+08,9.38645e+07
mg,zstd,438,1.35979e+10,0,1.26455e+08,3.10454e+07
mg,write,7272,8.90549e+06,0,5.18179e+06,1224.63
mg,write_vector,281,7.13694e+10,0,1.278e+09,2.53983e+08
mg,write_duration_vector,139,4.75499e+10,0,7.56639e+08,3.42085e+08
mg,write_dur_subvec,139,1.29088e+10,0,3.77352e+08,9.2869e+07
mg,write_subvec,299,2.71464e+10,0,3.24647e+08,9.07906e+07
mg,zstd,438,1.37131e+10,0,2.39298e+08,3.13085e+07
mg,write,7272,3.56459e+06,0,105423,490.181
mg,write_vector,281,7.28169e+10,0,1.29802e+09,2.59135e+08
mg,write_duration_vector,139,4.70993e+10,0,9.73025e+08,3.38844e+08
mg,write_dur_subvec,139,1.22056e+10,0,3.15098e+08,8.78103e+07
mg,write_subvec,299,2.8084e+10,0,3.83539e+08,9.39263e+07
mg,zstd,438,1.37485e+10,0,1.75896e+08,3.13892e+07
mg,write,7272,3.77001e+06,0,56961,518.428
mg,write_vector,281,6.99426e+10,0,1.50169e+09,2.48906e+08
mg,write_duration_vector,139,4.52138e+10,0,9.13123e+08,3.25279e+08
mg,write_dur_subvec,139,1.25487e+10,0,3.46883e+08,9.02787e+07
mg,write_subvec,299,2.80784e+10,0,3.63535e+08,9.39077e+07
mg,zstd,438,1.55209e+10,0,2.57814e+08,3.54359e+07
mg,write,7272,4.02489e+06,0,91112,553.478
mg,write_vector,281,7.54987e+10,0,1.55906e+09,2.68679e+08
mg,write_duration_vector,139,4.69236e+10,0,9.79838e+08,3.3758e+08
mg,write_dur_subvec,139,1.34221e+10,0,3.38233e+08,9.65618e+07
mg,write_subvec,299,3.03928e+10,0,3.98609e+08,1.01648e+08
mg,zstd,438,1.5897e+10,0,3.5523e+08,3.62945e+07
mg,write,7272,3.68596e+06,0,39421,506.87
mg,write_vector,281,7.31753e+10,0,1.65653e+09,2.6041e+08
mg,write_duration_vector,139,4.77258e+10,0,1.13723e+09,3.43351e+08
mg,write_dur_subvec,139,1.40712e+10,0,4.6897e+08,1.01231e+08
mg,write_subvec,299,3.04965e+10,0,4.44726e+08,1.01995e+08
mg,zstd,438,1.41694e+10,0,1.58488e+08,3.23503e+07
mg,write,7272,3.69945e+06,0,114893,508.725
mg,write_vector,281,7.79887e+10,0,1.64416e+09,2.7754e+08
mg,write_duration_vector,139,4.55103e+10,0,1.14958e+09,3.27412e+08
mg,write_dur_subvec,139,1.24201e+10,0,3.58076e+08,8.93531e+07
mg,write_subvec,299,3.16321e+10,0,3.41455e+08,1.05793e+08
mg,zstd,438,1.42679e+10,0,1.9516e+08,3.2575e+07
mg,write,7272,3.59623e+06,0,34261,494.531
mg,write_vector,281,7.57621e+10,0,1.01176e+09,2.69616e+08
mg,write_duration_vector,139,4.7895e+10,0,8.46034e+08,3.44568e+08
mg,write_dur_subvec,139,1.41085e+10,0,4.68714e+08,1.015e+08
mg,write_subvec,299,3.01425e+10,0,3.93624e+08,1.00811e+08
mg,zstd,438,1.46451e+10,0,1.72796e+08,3.34364e+07
mg,write,7272,3.73456e+06,0,73602,513.553
mg,write_vector,281,7.60405e+10,0,1.10939e+09,2.70607e+08
mg,write_duration_vector,139,4.71172e+10,0,8.66447e+08,3.38972e+08
mg,write_dur_subvec,139,1.30038e+10,0,5.81288e+08,9.35522e+07
mg,write_subvec,299,3.08574e+10,0,6.05397e+08,1.03202e+08
mg,zstd,438,1.31687e+10,0,1.50794e+08,3.00656e+07
mg,write,7272,3.89021e+06,0,120783,534.958
mg,write_vector,281,7.13283e+10,0,1.16858e+09,2.53837e+08
mg,write_duration_vector,139,4.57451e+10,0,9.6249e+08,3.29102e+08
mg,write_dur_subvec,139,1.21869e+10,0,3.02796e+08,8.76754e+07
mg,write_subvec,299,2.79863e+10,0,3.8807e+08,9.35998e+07
mg,zstd,438,1.41133e+10,0,2.8091e+08,3.22223e+07
mg,write,7272,3.87092e+06,0,37561,532.305
mg,write_vector,281,7.48355e+10,0,1.13891e+09,2.66319e+08
mg,write_duration_vector,139,4.68759e+10,0,8.3084e+08,3.37237e+08
mg,write_dur_subvec,139,1.26757e+10,0,3.83596e+08,9.11924e+07
mg,write_subvec,299,2.96962e+10,0,4.60425e+08,9.93185e+07
mg,zstd,438,1.50517e+10,0,3.83883e+08,3.43647e+07
mg,write,7272,3.843e+06,0,101412,528.466
mg,write_vector,281,7.52801e+10,0,1.3287e+09,2.67901e+08
mg,write_duration_vector,139,4.6192e+10,0,7.77932e+08,3.32316e+08
mg,write_dur_subvec,139,1.33953e+10,0,4.3593e+08,9.63694e+07
mg,write_subvec,299,2.94573e+10,0,4.29045e+08,9.85195e+07
mg,zstd,438,1.48412e+10,0,3.78495e+08,3.38841e+07
mg,write,7272,3.67228e+06,0,80402,504.989
mg,write_vector,281,7.43227e+10,0,1.28411e+09,2.64494e+08
mg,write_duration_vector,139,4.78664e+10,0,8.03546e+08,3.44362e+08
mg,write_dur_subvec,139,1.33709e+10,0,3.45371e+08,9.61932e+07
mg,write_subvec,299,3.03501e+10,0,6.05433e+08,1.01505e+08
mg,zstd,438,1.38326e+10,0,2.64256e+08,3.15813e+07
mg,write,7272,3.63195e+06,0,58911,499.444
mg,write_vector,281,7.54782e+10,0,1.48187e+09,2.68606e+08
mg,write_duration_vector,139,4.57656e+10,0,1.06711e+09,3.29249e+08
mg,write_dur_subvec,139,1.30423e+10,0,5.08577e+08,9.38298e+07
mg,write_subvec,299,2.9338e+10,0,4.38079e+08,9.81204e+07
mg,zstd,438,1.38139e+10,0,2.46587e+08,3.15385e+07
mg,write,7272,3.95396e+06,0,95292,543.723
mg,write_vector,281,7.38548e+10,0,1.09815e+09,2.62829e+08
mg,write_duration_vector,139,4.368e+10,0,8.2582e+08,3.14244e+08
mg,write_dur_subvec,139,1.14761e+10,0,3.16962e+08,8.25617e+07
mg,write_subvec,299,2.95658e+10,0,5.49344e+08,9.88822e+07
mg,zstd,438,1.4056e+10,0,2.23519e+08,3.20913e+07
mg,write,7272,3.7623e+06,0,42131,517.367
mg,write_vector,281,7.30745e+10,0,1.07219e+09,2.60052e+08
mg,write_duration_vector,139,4.85576e+10,0,8.83185e+08,3.49335e+08
mg,write_dur_subvec,139,1.42027e+10,0,4.59293e+08,1.02178e+08
mg,write_subvec,299,3.0361e+10,0,6.73746e+08,1.01542e+08
mg,zstd,438,1.47705e+10,0,3.07641e+08,3.37226e+07
mg,write,7272,3.42594e+06,0,36520,471.114
mg,write_vector,281,7.43149e+10,0,1.51758e+09,2.64466e+08
mg,write_duration_vector,139,4.40273e+10,0,9.17657e+08,3.16743e+08
mg,write_dur_subvec,139,1.24382e+10,0,2.58021e+08,8.94833e+07
mg,write_subvec,299,2.88127e+10,0,4.28264e+08,9.63634e+07
mg,zstd,438,1.43238e+10,0,3.4581e+08,3.27028e+07
mg,write,7272,3.73797e+06,0,35361,514.022
mg,write_vector,281,7.09311e+10,0,1.02519e+09,2.52424e+08
mg,write_duration_vector,139,4.95121e+10,0,9.12866e+08,3.56202e+08
mg,write_dur_subvec,139,1.44078e+10,0,5.12939e+08,1.03653e+08
mg,write_subvec,299,2.85331e+10,0,4.0697e+08,9.54285e+07
mg,zstd,438,1.46218e+10,0,1.78595e+08,3.33831e+07
mg,write,7272,3.67317e+06,0,42901,505.111
mg,write_vector,281,7.1694e+10,0,1.00723e+09,2.55139e+08
mg,write_duration_vector,139,4.65159e+10,0,7.90847e+08,3.34646e+08
mg,write_dur_subvec,139,1.31688e+10,0,3.08512e+08,9.47397e+07
mg,write_subvec,299,2.92243e+10,0,3.31898e+08,9.77401e+07
sp,zstd,455,1.93892e+10,0,3.11746e+08,4.26137e+07
sp,write,11665,8.89503e+06,0,253486,762.54
sp,write_vector,158,8.82154e+10,0,5.32421e+09,5.58325e+08
sp,write_duration_vector,69,3.34966e+10,0,4.4503e+09,4.85458e+08
sp,write_dur_subvec,105,1.19896e+10,0,4.48458e+08,1.14187e+08
sp,write_subvec,350,3.93876e+10,0,6.82899e+08,1.12536e+08
sp,zstd,463,1.75565e+10,0,5.59256e+08,3.79189e+07
sp,write,11665,9.11092e+06,0,153744,781.047
sp,write_vector,152,8.23828e+10,0,4.64829e+09,5.41992e+08
sp,write_duration_vector,65,3.38659e+10,0,4.77811e+09,5.21014e+08
sp,write_dur_subvec,107,1.09379e+10,0,3.91768e+08,1.02224e+08
sp,write_subvec,356,3.75269e+10,0,7.02455e+08,1.05413e+08
sp,zstd,459,1.83943e+10,0,2.93031e+08,4.00748e+07
sp,write,11665,9.34243e+06,0,166474,800.894
sp,write_vector,148,8.80864e+10,0,5.55884e+09,5.95178e+08
sp,write_duration_vector,63,3.32725e+10,0,4.45709e+09,5.28136e+08
sp,write_dur_subvec,106,1.05966e+10,0,3.59315e+08,9.99678e+07
sp,write_subvec,353,3.84954e+10,0,4.2479e+08,1.09052e+08
sp,zstd,459,1.63913e+10,0,3.10657e+08,3.57109e+07
sp,write,11665,9.5276e+06,0,174235,816.768
sp,write_vector,156,7.9026e+10,0,5.99141e+09,5.06577e+08
sp,write_duration_vector,69,3.30118e+10,0,4.53406e+09,4.78432e+08
sp,write_dur_subvec,107,9.71774e+09,0,2.67571e+08,9.082e+07
sp,write_subvec,352,3.49757e+10,0,5.50624e+08,9.93627e+07
sp,zstd,447,1.71792e+10,0,3.56025e+08,3.84322e+07
sp,write,11665,9.08111e+06,0,154834,778.492
sp,write_vector,154,8.13198e+10,0,4.76423e+09,5.2805e+08
sp,write_duration_vector,67,3.29004e+10,0,3.75201e+09,4.91051e+08
sp,write_dur_subvec,102,1.0062e+10,0,4.39306e+08,9.86474e+07
sp,write_subvec,345,3.48046e+10,0,3.27135e+08,1.00883e+08
sp,zstd,463,1.63831e+10,0,2.02569e+08,3.53847e+07
sp,write,11665,9.45673e+06,0,168694,810.693
sp,write_vector,152,7.99499e+10,0,4.92528e+09,5.25986e+08
sp,write_duration_vector,65,3.17561e+10,0,3.55384e+09,4.88555e+08
sp,write_dur_subvec,107,1.04506e+10,0,3.25633e+08,9.76687e+07
sp,write_subvec,356,3.57596e+10,0,6.34574e+08,1.00448e+08
sp,zstd,459,1.79475e+10,0,3.87557e+08,3.91013e+07
sp,write,11665,8.77647e+06,0,147104,752.377
sp,write_vector,156,7.84771e+10,0,4.39203e+09,5.03059e+08
sp,write_duration_vector,69,3.54181e+10,0,3.88811e+09,5.13305e+08
sp,write_dur_subvec,107,1.2234e+10,0,4.20305e+08,1.14336e+08
sp,write_subvec,352,3.48726e+10,0,4.50982e+08,9.90699e+07
sp,zstd,463,1.64561e+10,0,2.32669e+08,3.55424e+07
sp,write,11665,9.02287e+06,0,145524,773.5
sp,write_vector,152,8.05799e+10,0,4.91047e+09,5.30131e+08
sp,write_duration_vector,65,3.23548e+10,0,4.06327e+09,4.97766e+08
sp,write_dur_subvec,107,1.02894e+10,0,2.6895e+08,9.61627e+07
sp,write_subvec,356,3.56782e+10,0,4.85384e+08,1.0022e+08
sp,zstd,463,1.67742e+10,0,3.12069e+08,3.62294e+07
sp,write,11665,9.02693e+06,0,155474,773.847
sp,write_vector,152,8.09401e+10,0,4.77019e+09,5.32501e+08
sp,write_duration_vector,65,3.44628e+10,0,5.9875e+09,5.30196e+08
sp,write_dur_subvec,107,1.01129e+10,0,3.14344e+08,9.45133e+07
sp,write_subvec,356,3.6257e+10,0,4.33726e+08,1.01846e+08
sp,zstd,459,1.74681e+10,0,2.37285e+08,3.80568e+07
sp,write,11665,9.25691e+06,0,151844,793.563
sp,write_vector,156,8.50845e+10,0,4.84846e+09,5.45413e+08
sp,write_duration_vector,69,3.17658e+10,0,4.98877e+09,4.60373e+08
sp,write_dur_subvec,107,1.04667e+10,0,2.54003e+08,9.78197e+07
sp,write_subvec,352,3.68457e+10,0,4.75439e+08,1.04675e+08
sp,zstd,455,1.6672e+10,0,2.35801e+08,3.66418e+07
sp,write,11665,9.32864e+06,0,157314,799.712
sp,write_vector,158,8.10519e+10,0,4.65991e+09,5.12987e+08
sp,write_duration_vector,69,3.43857e+10,0,4.45734e+09,4.98344e+08
sp,write_dur_subvec,105,1.06066e+10,0,2.94253e+08,1.01015e+08
sp,write_subvec,350,3.57204e+10,0,4.08356e+08,1.02058e+08
sp,zstd,459,1.739e+10,0,3.02683e+08,3.78866e+07
sp,write,11665,9.05672e+06,0,159454,776.401
sp,write_vector,156,8.35563e+10,0,5.02756e+09,5.35618e+08
sp,write_duration_vector,69,3.29068e+10,0,3.82096e+09,4.7691e+08
sp,write_dur_subvec,107,1.01763e+10,0,4.45465e+08,9.51059e+07
sp,write_subvec,352,3.63056e+10,0,4.04182e+08,1.03141e+08
sp,zstd,463,1.70325e+10,0,2.20822e+08,3.67873e+07
sp,write,11665,9.28786e+06,0,150604,796.216
sp,write_vector,152,8.09036e+10,0,5.11484e+09,5.32261e+08
sp,write_duration_vector,65,3.22493e+10,0,3.73441e+09,4.96142e+08
sp,write_dur_subvec,107,1.06203e+10,0,3.53465e+08,9.92551e+07
sp,write_subvec,356,3.46435e+10,0,3.11187e+08,9.73131e+07
sp,zstd,459,1.72443e+10,0,4.1836e+08,3.75692e+07
sp,write,11665,9.13473e+06,0,149723,783.088
sp,write_vector,148,8.40783e+10,0,5.92549e+09,5.68097e+08
sp,write_duration_vector,63,3.25296e+10,0,3.75969e+09,5.16343e+08
sp,write_dur_subvec,106,1.10919e+10,0,3.73163e+08,1.04641e+08
sp,write_subvec,353,3.85162e+10,0,4.63369e+08,1.09111e+08
sp,zstd,459,1.65538e+10,0,3.99768e+08,3.60649e+07
sp,write,11665,9.17094e+06,0,161844,786.193
sp,write_vector,156,7.92073e+10,0,5.61491e+09,5.07739e+08
sp,write_duration_vector,69,3.1838e+10,0,3.85921e+09,4.6142e+08
sp,write_dur_subvec,107,1.05241e+10,0,3.47431e+08,9.83559e+07
sp,write_subvec,352,3.42234e+10,0,5.37374e+08,9.72255e+07
sp,zstd,455,1.68673e+10,0,2.08198e+08,3.70709e+07
sp,write,11665,9.32155e+06,0,170974,799.104
sp,write_vector,158,8.17431e+10,0,4.36102e+09,5.17361e+08
sp,write_duration_vector,69,3.36999e+10,0,4.18779e+09,4.88405e+08
sp,write_dur_subvec,105,1.06233e+10,0,4.08878e+08,1.01174e+08
sp,write_subvec,350,3.56267e+10,0,4.36038e+08,1.01791e+08
sp,zstd,463,1.81374e+10,0,2.77212e+08,3.91736e+07
sp,write,11665,9.3073e+06,0,175634,797.883
sp,write_vector,152,8.34442e+10,0,5.52056e+09,5.48975e+08
sp,write_duration_vector,65,3.24492e+10,0,3.71876e+09,4.99218e+08
sp,write_dur_subvec,107,1.09878e+10,0,3.06581e+08,1.0269e+08
sp,write_subvec,356,3.71583e+10,0,5.01088e+08,1.04377e+08
sp,zstd,459,1.74485e+10,0,3.9789e+08,3.80142e+07
sp,write,11665,9.28159e+06,0,149393,795.679
sp,write_vector,148,8.27881e+10,0,4.61497e+09,5.59379e+08
sp,write_duration_vector,63,3.42874e+10,0,3.89001e+09,5.44244e+08
sp,write_dur_subvec,106,1.04878e+10,0,4.05838e+08,9.89414e+07
sp,write_subvec,353,3.66553e+10,0,6.00422e+08,1.03839e+08
sp,zstd,463,1.61776e+10,0,3.69914e+08,3.49407e+07
sp,write,11665,9.20619e+06,0,177104,789.215
sp,write_vector,152,8.21771e+10,0,5.83946e+09,5.40639e+08
sp,write_duration_vector,65,3.31583e+10,0,4.92437e+09,5.10128e+08
sp,write_dur_subvec,107,1.06508e+10,0,2.99973e+08,9.95404e+07
sp,write_subvec,356,3.53927e+10,0,4.90206e+08,9.94178e+07
sp,zstd,459,1.73211e+10,0,1.98925e+08,3.77365e+07
sp,write,11665,9.56877e+06,0,177104,820.297
sp,write_vector,148,8.46995e+10,0,4.7689e+09,5.72294e+08
sp,write_duration_vector,63,3.54341e+10,0,4.69314e+09,5.62446e+08
sp,write_dur_subvec,106,1.0368e+10,0,3.35887e+08,9.78118e+07
sp,write_subvec,353,3.66633e+10,0,5.18191e+08,1.03862e+08
